id,revenue
3001,-2325086.5
3002,12894171.0
3003,9747235.0
3004,105171320.0
3005,150832.75
3006,19059244.0
3007,2273874.2
3008,50902030.0
3009,36906360.0
3010,455243070.0
3011,-4270499.0
3012,851508.25
3013,53675120.0
3014,2235790.0
3015,42677464.0
3016,4752851.5
3017,185724400.0
3018,196592740.0
3019,21493374.0
3020,1051365500.0
3021,105307760.0
3022,95750160.0
3023,9968111.0
3024,60027400.0
3025,19636638.0
3026,157086670.0
3027,14894890.0
3028,121251430.0
3029,-10951148.0
3030,32705394.0
3031,-460794.6
3032,25054628.0
3033,-10047768.0
3034,6065208.5
3035,37424252.0
3036,65238776.0
3037,79319220.0
3038,1231175.2
3039,30603182.0
3040,-3722023.5
3041,61222204.0
3042,926080.1
3043,23821300.0
3044,19849546.0
3045,513659300.0
3046,6339626.5
3047,35234616.0
3048,36266940.0
3049,35757056.0
3050,51277800.0
3051,6436867.5
3052,24820484.0
3053,-4586357.5
3054,21588880.0
3055,67916100.0
3056,-1067313.2
3057,114764320.0
3058,845638700.0
3059,-2689740.5
3060,125710750.0
3061,33848564.0
3062,93697030.0
3063,106019520.0
3064,125992740.0
3065,50212516.0
3066,119516590.0
3067,-125688.484
3068,106094930.0
3069,301784700.0
3070,-5161211.5
3071,30942352.0
3072,616476300.0
3073,20688540.0
3074,-1712730.6
3075,20519440.0
3076,240585550.0
3077,57009930.0
3078,122905190.0
3079,48842788.0
3080,130108120.0
3081,50953620.0
3082,-2605907.0
3083,50066684.0
3084,4434532.0
3085,-12921137.0
3086,173937700.0
3087,13124758.0
3088,1886966.9
3089,-4656771.5
3090,41544570.0
3091,35277012.0
3092,-4911253.0
3093,321360600.0
3094,104719500.0
3095,15181696.0
3096,12469469.0
3097,1394829200.0
3098,-7016015.0
3099,56061536.0
3100,-14825742.0
3101,3653304.0
3102,22916856.0
3103,1447445.2
3104,1456643.1
3105,63429612.0
3106,80720770.0
3107,92217200.0
3108,20568020.0
3109,13109252.0
3110,468297150.0
3111,9477916.0
3112,3348785.5
3113,30576448.0
3114,74604710.0
3115,72097870.0
3116,58026930.0
3117,1945738.1
3118,-3040308.0
3119,371212700.0
3120,146649280.0
3121,-10568964.0
3122,10176054.0
3123,71586390.0
3124,13266469.0
3125,-1367052.9
3126,44511750.0
3127,26427080.0
3128,57711804.0
3129,264526720.0
3130,24821890.0
3131,9755436.0
3132,10118670.0
3133,38075348.0
3134,32510446.0
3135,8503679.0
3136,9893486.0
3137,168391440.0
3138,603837.5
3139,32256496.0
3140,95149820.0
3141,-11768820.0
3142,15338614.0
3143,208661700.0
3144,24538482.0
3145,131090690.0
3146,5154585.5
3147,7721116.5
3148,6611375.5
3149,38111370.0
3150,92425660.0
3151,39788764.0
3152,43617990.0
3153,1860053.9
3154,10526224.0
3155,75282360.0
3156,21300524.0
3157,68642376.0
3158,182992880.0
3159,39366324.0
3160,-8790167.0
3161,146735.38
3162,26774326.0
3163,57745812.0
3164,79461.53
3165,3925774.5
3166,5092906.0
3167,94361390.0
3168,-167250.7
3169,39109440.0
3170,63019310.0
3171,39766444.0
3172,13681744.0
3173,1932112.9
3174,36405620.0
3175,14717517.0
3176,36541264.0
3177,54009730.0
3178,-7635133.5
3179,-5070798.0
3180,9676325.0
3181,-598044.4
3182,617883800.0
3183,66176104.0
3184,24542228.0
3185,58008696.0
3186,88671900.0
3187,17445618.0
3188,33592320.0
3189,134943660.0
3190,-16193373.0
3191,46674936.0
3192,-2116495.0
3193,202649740.0
3194,116453290.0
3195,58180910.0
3196,41458380.0
3197,77474470.0
3198,177164480.0
3199,257540140.0
3200,10570146.0
3201,-20710374.0
3202,4411376.0
3203,10561234.0
3204,6810488.0
3205,9549621.0
3206,65843136.0
3207,95269810.0
3208,51244420.0
3209,12232604.0
3210,677287040.0
3211,2429767.0
3212,50793680.0
3213,96179780.0
3214,22294034.0
3215,16644109.0
3216,23916416.0
3217,248918260.0
3218,10192524.0
3219,54722492.0
3220,432327100.0
3221,23402278.0
3222,-5768713.0
3223,2562192.0
3224,15098687.0
3225,16612610.0
3226,14654412.0
3227,123031860.0
3228,172847540.0
3229,102993060.0
3230,81177430.0
3231,82420140.0
3232,20840188.0
3233,9110426.0
3234,2334803.5
3235,57312304.0
3236,326917.75
3237,50369316.0
3238,45994372.0
3239,-4081125.0
3240,257879040.0
3241,-2717625.0
3242,1198709.9
3243,877730.0
3244,1988009.5
3245,-4083586.0
3246,26465890.0
3247,21063834.0
3248,31282760.0
3249,36604920.0
3250,360325220.0
3251,2402733.0
3252,43318412.0
3253,147685970.0
3254,2196157.0
3255,3670594.0
3256,6620111.5
3257,45258284.0
3258,34180412.0
3259,72852320.0
3260,17376040.0
3261,592219700.0
3262,48469740.0
3263,-377934.22
3264,2735191.0
3265,-5935645.5
3266,-10388302.0
3267,28148860.0
3268,1707903.4
3269,44406900.0
3270,114384010.0
3271,-8505780.0
3272,3750477.0
3273,41205160.0
3274,631156800.0
3275,4753158.0
3276,5968861.0
3277,51379976.0
3278,85346060.0
3279,44761670.0
3280,516812100.0
3281,-2659944.8
3282,2803437.5
3283,356643650.0
3284,51681716.0
3285,88024880.0
3286,-7639053.5
3287,1055784.8
3288,43753500.0
3289,90076440.0
3290,134585020.0
3291,151885490.0
3292,221001800.0
3293,136580030.0
3294,8609979.0
3295,55394610.0
3296,11866999.0
3297,14776633.0
3298,68754776.0
3299,4786775.0
3300,49530170.0
3301,16234199.0
3302,24119798.0
3303,23726054.0
3304,16460582.0
3305,45444824.0
3306,1692735.1
3307,54237580.0
3308,14455161.0
3309,3307521.0
3310,184967.34
3311,5279080.0
3312,24851434.0
3313,83424610.0
3314,29879928.0
3315,78512140.0
3316,42992590.0
3317,-2160446.0
3318,30576770.0
3319,30797872.0
3320,49297396.0
3321,1027023.5
3322,-9043894.0
3323,170568210.0
3324,-10017074.0
3325,133726990.0
3326,236187400.0
3327,33150068.0
3328,25530444.0
3329,51890336.0
3330,165241010.0
3331,13880214.0
3332,75442080.0
3333,322878240.0
3334,557537.6
3335,70648280.0
3336,72137540.0
3337,2798635.5
3338,56135788.0
3339,-5323505.0
3340,129103656.0
3341,65759710.0
3342,58780468.0
3343,62949990.0
3344,-2307066.0
3345,8528740.0
3346,35677316.0
3347,14911745.0
3348,27573256.0
3349,84344400.0
3350,234289710.0
3351,53781436.0
3352,17772456.0
3353,164678820.0
3354,40619896.0
3355,12689899.0
3356,37314110.0
3357,-7692044.5
3358,37602948.0
3359,45696010.0
3360,31018496.0
3361,169108740.0
3362,13883846.0
3363,24437686.0
3364,28891412.0
3365,1836215.6
3366,102080030.0
3367,240616350.0
3368,4854754.5
3369,43738244.0
3370,129373416.0
3371,44336800.0
3372,48277160.0
3373,30757018.0
3374,20109330.0
3375,87305090.0
3376,22998778.0
3377,27348100.0
3378,5963165.0
3379,364330880.0
3380,65137588.0
3381,5256186.0
3382,312432.28
3383,33031026.0
3384,97174890.0
3385,98828990.0
3386,-1452693.8
3387,31047226.0
3388,272642620.0
3389,950005760.0
3390,14752523.0
3391,12606307.0
3392,35354044.0
3393,26803064.0
3394,122459630.0
3395,120174870.0
3396,33654740.0
3397,2418058.0
3398,237561150.0
3399,141288960.0
3400,6842594.5
3401,-136252.64
3402,7657405.0
3403,158844300.0
3404,6423740.5
3405,51709210.0
3406,273843360.0
3407,302034880.0
3408,46478308.0
3409,418128.94
3410,42587996.0
3411,85754710.0
3412,31808124.0
3413,59396184.0
3414,5104919.0
3415,-43369544.0
3416,126423480.0
3417,86695280.0
3418,82889430.0
3419,149912200.0
3420,-470515.06
3421,57265616.0
3422,14951742.0
3423,320762370.0
3424,1084837.9
3425,-2954561.0
3426,73961460.0
3427,53106076.0
3428,-4170458.0
3429,44166972.0
3430,440484700.0
3431,8564570.0
3432,10768263.0
3433,24940956.0
3434,60388224.0
3435,323208060.0
3436,229862740.0
3437,21542930.0
3438,18564980.0
3439,75972040.0
3440,81268550.0
3441,101701220.0
3442,1468721.2
3443,17055790.0
3444,-3941986.0
3445,43551276.0
3446,5209897.5
3447,18753178.0
3448,89162540.0
3449,16854466.0
3450,82753930.0
3451,97541270.0
3452,72930740.0
3453,131442000.0
3454,48020430.0
3455,16692531.0
3456,143760500.0
3457,60870904.0
3458,12141004.0
3459,1020416900.0
3460,57624324.0
3461,2111608.8
3462,14472173.0
3463,63976892.0
3464,-588507.56
3465,26030044.0
3466,93867720.0
3467,-7460055.0
3468,128675350.0
3469,5696196.0
3470,1094036.9
3471,40923284.0
3472,4655006.0
3473,53062204.0
3474,70359064.0
3475,441066530.0
3476,-2842745.5
3477,90220850.0
3478,4277576.5
3479,295152480.0
3480,1705497.8
3481,15481165.0
3482,5204134.5
3483,22156430.0
3484,489256.4
3485,269461730.0
3486,343733400.0
3487,78877530.0
3488,120878570.0
3489,10626201.0
3490,81120904.0
3491,44777496.0
3492,3080256.5
3493,108548920.0
3494,40768216.0
3495,121296860.0
3496,3466636.0
3497,112769510.0
3498,26143090.0
3499,22743722.0
3500,5751065.0
3501,95577160.0
3502,124161770.0
3503,84554376.0
3504,111390820.0
3505,272394.75
3506,119779790.0
3507,307488500.0
3508,21488474.0
3509,-6448699.0
3510,79565660.0
3511,49875296.0
3512,240879070.0
3513,4604564.0
3514,7134091.0
3515,34016760.0
3516,33092364.0
3517,586170560.0
3518,79629640.0
3519,53799064.0
3520,-1988320.8
3521,-294396.84
3522,10594453.0
3523,73315310.0
3524,64926864.0
3525,158641780.0
3526,172768480.0
3527,8578912.0
3528,58822130.0
3529,573610560.0
3530,35315988.0
3531,119783224.0
3532,95921624.0
3533,31081862.0
3534,55822190.0
3535,166798510.0
3536,47442452.0
3537,112224820.0
3538,81685730.0
3539,68205816.0
3540,72432010.0
3541,8913181.0
3542,58027584.0
3543,-833483.25
3544,51441076.0
3545,1084837.9
3546,30281432.0
3547,245282750.0
3548,589437000.0
3549,2994421.2
3550,256175460.0
3551,141758980.0
3552,100981256.0
3553,84384290.0
3554,163344980.0
3555,164330200.0
3556,99249110.0
3557,25084436.0
3558,257248830.0
3559,161044720.0
3560,3673284.5
3561,127233890.0
3562,47652292.0
3563,42025972.0
3564,-12731562.0
3565,15135306.0
3566,42922390.0
3567,25612780.0
3568,2795286.5
3569,180275580.0
3570,4863908.0
3571,35290056.0
3572,158775200.0
3573,2909827.0
3574,62788240.0
3575,47469780.0
3576,102688024.0
3577,21127030.0
3578,126182616.0
3579,47537236.0
3580,24210074.0
3581,61152588.0
3582,61933664.0
3583,-6737692.0
3584,84898136.0
3585,119635700.0
3586,63136296.0
3587,5341082.0
3588,7537018.5
3589,5184235.5
3590,9070059.0
3591,592497500.0
3592,23470018.0
3593,-1620318.1
3594,-4951207.5
3595,23459228.0
3596,89320450.0
3597,17578848.0
3598,38341876.0
3599,21848594.0
3600,19212818.0
3601,17444664.0
3602,-1980541.2
3603,48334252.0
3604,10967755.0
3605,32344666.0
3606,-19279146.0
3607,85566080.0
3608,69341944.0
3609,-5990150.5
3610,78533170.0
3611,4999247.0
3612,11779231.0
3613,38698530.0
3614,111008990.0
3615,34830856.0
3616,26324130.0
3617,9764128.0
3618,124316040.0
3619,-1663890.4
3620,128161624.0
3621,461178750.0
3622,531361700.0
3623,98779890.0
3624,-8871625.0
3625,-4101284.5
3626,40160332.0
3627,-15913854.0
3628,603000300.0
3629,10267307.0
3630,-8853977.0
3631,185656210.0
3632,1094881.9
3633,16251130.0
3634,-3040758.2
3635,9147511.0
3636,31821344.0
3637,3646551.5
3638,-11637563.0
3639,225704350.0
3640,543032100.0
3641,50704916.0
3642,35590748.0
3643,16363653.0
3644,91976670.0
3645,38895344.0
3646,6531189.5
3647,22980868.0
3648,10802717.0
3649,12025569.0
3650,1997886.0
3651,690981900.0
3652,36164744.0
3653,119179150.0
3654,16264797.0
3655,35177040.0
3656,37080404.0
3657,3762649.5
3658,4660617.0
3659,100912770.0
3660,374742180.0
3661,29116546.0
3662,45743584.0
3663,391186200.0
3664,-514403.38
3665,4642900.5
3666,20594906.0
3667,43088136.0
3668,82129224.0
3669,3415329.0
3670,36126668.0
3671,-1205828.6
3672,1590087.8
3673,345869060.0
3674,38468776.0
3675,375263330.0
3676,189107090.0
3677,-10345501.0
3678,35768500.0
3679,32678930.0
3680,21876508.0
3681,1571255.2
3682,156667840.0
3683,-539559.6
3684,28121222.0
3685,190306540.0
3686,55150076.0
3687,156548290.0
3688,-4354949.0
3689,-6621719.0
3690,43643424.0
3691,6848927.5
3692,10661243.0
3693,146978480.0
3694,208338020.0
3695,108571150.0
3696,58306240.0
3697,35969980.0
3698,75499710.0
3699,25073698.0
3700,4026042.5
3701,29512460.0
3702,536999.1
3703,118108660.0
3704,50327456.0
3705,6003625.0
3706,124894290.0
3707,2189064.5
3708,13109472.0
3709,190346400.0
3710,16006960.0
3711,-3301976.0
3712,41114670.0
3713,16014873.0
3714,4804065.5
3715,57479290.0
3716,15653443.0
3717,101538.78
3718,11420611.0
3719,112755930.0
3720,12521468.0
3721,931664.6
3722,101933540.0
3723,3799458.0
3724,31129598.0
3725,52639096.0
3726,21542580.0
3727,32977822.0
3728,81610400.0
3729,-16892790.0
3730,78557180.0
3731,133779030.0
3732,3405170.0
3733,227524500.0
3734,420317950.0
3735,19613328.0
3736,20813672.0
3737,77436020.0
3738,-1163362.6
3739,16112535.0
3740,43970630.0
3741,4276090.5
3742,135182620.0
3743,-2452846.5
3744,258209540.0
3745,114013160.0
3746,265377620.0
3747,13129987.0
3748,1983670.6
3749,-1114256.4
3750,-7369488.0
3751,40318340.0
3752,5226889.5
3753,14598307.0
3754,33375026.0
3755,118589064.0
3756,66628796.0
3757,301714460.0
3758,127572900.0
3759,11128171.0
3760,185674740.0
3761,49104624.0
3762,356832800.0
3763,43733790.0
3764,63931864.0
3765,23233396.0
3766,23697990.0
3767,25859250.0
3768,7536166.0
3769,5440472.0
3770,35086856.0
3771,56089990.0
3772,14047096.0
3773,57920190.0
3774,44747800.0
3775,250467940.0
3776,126860460.0
3777,13673007.0
3778,20176068.0
3779,13597500.0
3780,342691.8
3781,63243320.0
3782,3621209.5
3783,59114256.0
3784,22743522.0
3785,392658780.0
3786,17329338.0
3787,480176770.0
3788,423434400.0
3789,10743136.0
3790,12185672.0
3791,10116373.0
3792,5686056.5
3793,5568917.5
3794,-1177263.6
3795,498562530.0
3796,38102120.0
3797,49733196.0
3798,34187220.0
3799,-10528777.0
3800,18163844.0
3801,109880584.0
3802,-2639470.0
3803,29035268.0
3804,-7037951.0
3805,3757605.5
3806,188612770.0
3807,2085136.4
3808,-1451739.8
3809,40211720.0
3810,-10092004.0
3811,109126.64
3812,-3457536.0
3813,3572365.0
3814,-156543.2
3815,143543740.0
3816,119584670.0
3817,88818140.0
3818,91927224.0
3819,33185014.0
3820,120554750.0
3821,137619800.0
3822,20790460.0
3823,17514452.0
3824,21797582.0
3825,12916758.0
3826,117034664.0
3827,172410540.0
3828,13729691.0
3829,9580468.0
3830,91974850.0
3831,-4297042.0
3832,288714660.0
3833,30514750.0
3834,36048480.0
3835,32604748.0
3836,4657314.5
3837,43319976.0
3838,174312180.0
3839,-77600.25
3840,-534978.94
3841,42698652.0
3842,46976564.0
3843,97680420.0
3844,-2842830.5
3845,536999.1
3846,-2923452.5
3847,5531484.0
3848,24097762.0
3849,105476370.0
3850,110410376.0
3851,47112344.0
3852,22993646.0
3853,77828480.0
3854,-404324.75
3855,5514229.0
3856,64561560.0
3857,386847000.0
3858,4449349.5
3859,17108372.0
3860,45234064.0
3861,112565710.0
3862,897422.3
3863,38056564.0
3864,158165010.0
3865,118541600.0
3866,28386770.0
3867,197525380.0
3868,-16980148.0
3869,85720600.0
3870,154001730.0
3871,217145470.0
3872,19944820.0
3873,40220244.0
3874,-362938.8
3875,90964550.0
3876,-12146718.0
3877,40003384.0
3878,120697864.0
3879,330636770.0
3880,16190537.0
3881,-2333339.0
3882,15191240.0
3883,3608533.0
3884,441899200.0
3885,34958764.0
3886,33300350.0
3887,27726518.0
3888,8964582.0
3889,160815840.0
3890,189985020.0
3891,67942824.0
3892,21059250.0
3893,530293020.0
3894,186917920.0
3895,46865570.0
3896,89520940.0
3897,61167.594
3898,59380544.0
3899,1247422700.0
3900,67761370.0
3901,4595922.0
3902,13825724.0
3903,14712422.0
3904,-1290812.2
3905,30261664.0
3906,159024850.0
3907,-825441.0
3908,41448864.0
3909,21902842.0
3910,7581991.0
3911,-3856596.5
3912,-1278547.2
3913,109745760.0
3914,71793630.0
3915,233807840.0
3916,3762633.5
3917,11242246.0
3918,17817928.0
3919,159411540.0
3920,16595477.0
3921,1782011.2
3922,48687044.0
3923,67640540.0
3924,111110890.0
3925,221265020.0
3926,-1841203.2
3927,71342050.0
3928,133933400.0
3929,66635228.0
3930,-3387829.0
3931,9137665.0
3932,-1619624.2
3933,65390236.0
3934,58700940.0
3935,-896323.5
3936,5545886.0
3937,326561200.0
3938,-3671404.5
3939,38996572.0
3940,1888883.1
3941,28039662.0
3942,123041460.0
3943,831854660.0
3944,26607670.0
3945,85220910.0
3946,4238965.0
3947,31731220.0
3948,-31273780.0
3949,9010181.0
3950,18430566.0
3951,28209636.0
3952,84773760.0
3953,48709996.0
3954,395970900.0
3955,-7900367.5
3956,56941990.0
3957,-11332109.0
3958,1363431.5
3959,1000928.06
3960,3832870.5
3961,49884304.0
3962,35246108.0
3963,62837880.0
3964,753313100.0
3965,135328960.0
3966,56532890.0
3967,522911420.0
3968,74292904.0
3969,11531089.0
3970,29924310.0
3971,18535974.0
3972,-3808365.5
3973,37079580.0
3974,-1031786.5
3975,134261200.0
3976,83298360.0
3977,69610550.0
3978,199232290.0
3979,6963381.5
3980,999537.6
3981,2416831.0
3982,6286734.5
3983,13015117.0
3984,332426240.0
3985,3178258.5
3986,1168539300.0
3987,42405320.0
3988,14501336.0
3989,49053240.0
3990,78944540.0
3991,7690294.0
3992,-6807390.5
3993,44668096.0
3994,90601570.0
3995,44957540.0
3996,66316856.0
3997,41686284.0
3998,125400344.0
3999,15058252.0
4000,40768244.0
4001,152204510.0
4002,112434830.0
4003,716152.2
4004,111049300.0
4005,1790804.9
4006,64004530.0
4007,1084837.9
4008,-7386490.0
4009,33404286.0
4010,1158127.8
4011,66095984.0
4012,219830750.0
4013,53409052.0
4014,15908583.0
4015,105686580.0
4016,34819396.0
4017,43994716.0
4018,93209960.0
4019,360477660.0
4020,34170990.0
4021,64847656.0
4022,16202763.0
4023,164669100.0
4024,34334220.0
4025,5614971.0
4026,102230330.0
4027,105473304.0
4028,2836898.5
4029,-5162779.0
4030,38822484.0
4031,126685350.0
4032,4157116.2
4033,-409879.34
4034,17585110.0
4035,59652956.0
4036,-6963488.0
4037,16183038.0
4038,9583362.0
4039,11841828.0
4040,1529941.5
4041,5120073.0
4042,114156504.0
4043,10980227.0
4044,115311944.0
4045,131040690.0
4046,43294220.0
4047,733768450.0
4048,-7953334.5
4049,3164790.0
4050,3010323.0
4051,633963140.0
4052,10784178.0
4053,32740528.0
4054,3009754.0
4055,23376680.0
4056,51958144.0
4057,-3692803.5
4058,77591496.0
4059,21505418.0
4060,99599710.0
4061,114213810.0
4062,37188960.0
4063,39021344.0
4064,814896200.0
4065,92883210.0
4066,25141326.0
4067,45263148.0
4068,29625794.0
4069,7899526.0
4070,77851740.0
4071,9048169.0
4072,10854966.0
4073,155231000.0
4074,-772425.6
4075,108700530.0
4076,7422298.0
4077,418975360.0
4078,7512670.5
4079,168491920.0
4080,5365097.0
4081,20283818.0
4082,203538380.0
4083,43451776.0
4084,4324782.0
4085,22641956.0
4086,225313120.0
4087,30019640.0
4088,27901340.0
4089,41657084.0
4090,-2928468.5
4091,58457096.0
4092,26254784.0
4093,36903450.0
4094,-11372645.0
4095,184225100.0
4096,33087432.0
4097,73653960.0
4098,11067180.0
4099,17910162.0
4100,127621690.0
4101,77439576.0
4102,-3963747.0
4103,81578376.0
4104,-1637711.0
4105,-3409326.5
4106,36836068.0
4107,10596606.0
4108,-439005.1
4109,-4735211.5
4110,83069190.0
4111,-18312814.0
4112,46950548.0
4113,3551925.5
4114,331595200.0
4115,2096183.5
4116,21314688.0
4117,9366332.0
4118,124392170.0
4119,49364480.0
4120,10770670.0
4121,38055810.0
4122,209754300.0
4123,53608.05
4124,181977660.0
4125,6913102.5
4126,6088204.0
4127,9147477.0
4128,17759624.0
4129,-5903188.5
4130,-911150.5
4131,181969360.0
4132,99219730.0
4133,49752708.0
4134,20218662.0
4135,19512488.0
4136,562902300.0
4137,-6894105.0
4138,22386570.0
4139,36396730.0
4140,10272150.0
4141,1319317.6
4142,85311510.0
4143,84039576.0
4144,3621063.5
4145,73821256.0
4146,585057.75
4147,-1519270.0
4148,72845420.0
4149,8858092.0
4150,-5824971.0
4151,11676640.0
4152,88686856.0
4153,92087510.0
4154,-10073718.0
4155,34153730.0
4156,21699668.0
4157,1470687.2
4158,29869148.0
4159,45387316.0
4160,482464350.0
4161,19977876.0
4162,28791200.0
4163,123072740.0
4164,78263890.0
4165,23145124.0
4166,14936959.0
4167,118719630.0
4168,17224496.0
4169,-8400584.0
4170,4141240.0
4171,285523700.0
4172,54720948.0
4173,-7970215.0
4174,27855622.0
4175,1680695.6
4176,17637256.0
4177,-8191101.5
4178,329395970.0
4179,10574146.0
4180,84089480.0
4181,82697176.0
4182,7705729.0
4183,67881544.0
4184,14584613.0
4185,12252945.0
4186,-1562063.6
4187,9602908.0
4188,4038454.0
4189,-119264.41
4190,-8191101.5
4191,2173250.0
4192,-571671.5
4193,384030430.0
4194,73461430.0
4195,9988495.0
4196,84343176.0
4197,53334492.0
4198,1967675.1
4199,11691752.0
4200,103568870.0
4201,82524140.0
4202,44250696.0
4203,50964060.0
4204,131885000.0
4205,27533540.0
4206,161737540.0
4207,266401650.0
4208,512318800.0
4209,40100652.0
4210,110394670.0
4211,57158696.0
4212,457204960.0
4213,-2585807.5
4214,26510868.0
4215,14035943.0
4216,8913303.0
4217,67651704.0
4218,68955656.0
4219,12193816.0
4220,56442456.0
4221,3302360.2
4222,-3380361.5
4223,114699770.0
4224,9330791.0
4225,56538040.0
4226,54562790.0
4227,3776895.5
4228,-4752827.0
4229,93203150.0
4230,43935660.0
4231,11470248.0
4232,13032547.0
4233,58529860.0
4234,192595120.0
4235,15583786.0
4236,227729.28
4237,5868879.5
4238,73946240.0
4239,157842620.0
4240,310851620.0
4241,145538670.0
4242,17357534.0
4243,3315015.0
4244,70975860.0
4245,-5132834.0
4246,3745104.2
4247,56859260.0
4248,1254896.8
4249,34526932.0
4250,63975812.0
4251,17574638.0
4252,167901860.0
4253,136818540.0
4254,60688396.0
4255,38570310.0
4256,274212640.0
4257,133862840.0
4258,46868424.0
4259,4745206.0
4260,280184450.0
4261,24147992.0
4262,6584003.0
4263,-1765136.5
4264,470697860.0
4265,15770195.0
4266,-8650520.0
4267,30230416.0
4268,20894138.0
4269,18072988.0
4270,446514140.0
4271,31489266.0
4272,-1707.3125
4273,3004259.5
4274,65489210.0
4275,59145364.0
4276,42364590.0
4277,41241732.0
4278,10282277.0
4279,151214180.0
4280,6141546.0
4281,-3227568.5
4282,10239594.0
4283,-1746619.1
4284,18435780.0
4285,-8666309.0
4286,297824540.0
4287,51146510.0
4288,47413880.0
4289,72137180.0
4290,71262790.0
4291,35601204.0
4292,17338734.0
4293,48497956.0
4294,284359230.0
4295,306243500.0
4296,102757650.0
4297,25965066.0
4298,-267950.34
4299,21799468.0
4300,80586290.0
4301,-1733871.4
4302,39025892.0
4303,5243142.5
4304,29823452.0
4305,-188756.16
4306,69761630.0
4307,3154080.5
4308,18825478.0
4309,38640500.0
4310,20121224.0
4311,5489049.5
4312,84032776.0
4313,251116420.0
4314,2313098.8
4315,196541060.0
4316,377338430.0
4317,9158542.0
4318,90279384.0
4319,-7339662.0
4320,56487456.0
4321,41298544.0
4322,9520038.0
4323,-6376426.5
4324,27381888.0
4325,2993897.0
4326,19052256.0
4327,111432190.0
4328,11680367.0
4329,-3377908.0
4330,703860740.0
4331,41295540.0
4332,107332136.0
4333,21875758.0
4334,86458380.0
4335,68587160.0
4336,67685620.0
4337,616160.8
4338,368079140.0
4339,180953380.0
4340,31215460.0
4341,104104270.0
4342,12475281.0
4343,29380982.0
4344,8741238.0
4345,10993976.0
4346,93699544.0
4347,103844160.0
4348,7687564.0
4349,199559700.0
4350,-50333660.0
4351,364411040.0
4352,1938706.9
4353,110986584.0
4354,99894820.0
4355,18600962.0
4356,3502461.0
4357,188221680.0
4358,26012336.0
4359,86091190.0
4360,73916340.0
4361,149663700.0
4362,20809136.0
4363,81098200.0
4364,66322148.0
4365,1540767.2
4366,70479540.0
4367,69449624.0
4368,68803850.0
4369,67631330.0
4370,100179050.0
4371,215513200.0
4372,41888030.0
4373,13376819.0
4374,63448336.0
4375,37733504.0
4376,49538.227
4377,-12468807.0
4378,61570130.0
4379,121633020.0
4380,72518150.0
4381,121577944.0
4382,427234200.0
4383,145077820.0
4384,33012230.0
4385,6303451.5
4386,69334060.0
4387,-3058935.5
4388,34229256.0
4389,249819950.0
4390,1148279.6
4391,-5863641.5
4392,154407220.0
4393,69252470.0
4394,29057346.0
4395,49064060.0
4396,31537014.0
4397,31348522.0
4398,87912300.0
4399,6776137.0
4400,15832787.0
4401,21388214.0
4402,74772900.0
4403,34031684.0
4404,87084310.0
4405,81698300.0
4406,-3737733.5
4407,-4672817.5
4408,-2603082.2
4409,6181723.5
4410,4548060.0
4411,6021961.0
4412,105050440.0
4413,2740964.5
4414,3272804.0
4415,19250376.0
4416,21184926.0
4417,272121730.0
4418,9871379.0
4419,66115076.0
4420,573696060.0
4421,14288777.0
4422,14238713.0
4423,13725820.0
4424,15010552.0
4425,56222950.0
4426,192158660.0
4427,48135556.0
4428,41078732.0
4429,10926747.0
4430,-9598966.0
4431,644008.2
4432,141533740.0
4433,215835730.0
4434,344853860.0
4435,23255062.0
4436,83413410.0
4437,32643490.0
4438,7984975.5
4439,12564396.0
4440,15026679.0
4441,104261750.0
4442,7907572.0
4443,12043651.0
4444,-2308367.0
4445,15454718.0
4446,6516507.0
4447,104595100.0
4448,54237524.0
4449,14161027.0
4450,166402560.0
4451,722823550.0
4452,26319234.0
4453,24702916.0
4454,3261588.0
4455,274622.5
4456,158651580.0
4457,7912263.0
4458,-10245930.0
4459,41493350.0
4460,-2417471.5
4461,177735790.0
4462,109757650.0
4463,3245859.0
4464,91593460.0
4465,24056862.0
4466,1226772.2
4467,69140340.0
4468,-181407.3
4469,45862196.0
4470,45461484.0
4471,-5298117.5
4472,113890750.0
4473,17231090.0
4474,7984532.0
4475,8582779.0
4476,-3404840.0
4477,61152252.0
4478,26635184.0
4479,12909669.0
4480,87561510.0
4481,3491972.0
4482,-3415873.0
4483,27559136.0
4484,135401.53
4485,37256740.0
4486,59213924.0
4487,102713580.0
4488,69875730.0
4489,63582780.0
4490,4721989.5
4491,191988660.0
4492,26443662.0
4493,7268021.5
4494,24248308.0
4495,5521003.5
4496,37985344.0
4497,3712098.8
4498,49737252.0
4499,5462296.5
4500,98091310.0
4501,43865132.0
4502,12930660.0
4503,501473860.0
4504,-3281343.5
4505,6842481.5
4506,106897230.0
4507,-4266142.0
4508,2891640.5
4509,13694866.0
4510,13124277.0
4511,234430340.0
4512,-5386160.5
4513,51048750.0
4514,41632540.0
4515,287563520.0
4516,37768800.0
4517,486670.34
4518,468224160.0
4519,161362380.0
4520,43257370.0
4521,14861398.0
4522,123338180.0
4523,28118754.0
4524,22136482.0
4525,23909502.0
4526,3516593.5
4527,13301351.0
4528,31120762.0
4529,5269071.0
4530,71424980.0
4531,6712104.5
4532,6927248.0
4533,5655903.0
4534,4066554.8
4535,103604010.0
4536,56104050.0
4537,4953105.5
4538,30558468.0
4539,-5469145.0
4540,131449464.0
4541,26711340.0
4542,22044346.0
4543,120938650.0
4544,2502143.0
4545,-3824544.5
4546,4701292.5
4547,6599066.5
4548,76595336.0
4549,6802007.0
4550,-1157024.2
4551,1016131840.0
4552,109560810.0
4553,25918288.0
4554,481603360.0
4555,6823397.0
4556,71863420.0
4557,47265980.0
4558,54937410.0
4559,60305356.0
4560,87287400.0
4561,148620320.0
4562,-16745887.0
4563,200638060.0
4564,3390771.0
4565,1966056.2
4566,37808844.0
4567,83443880.0
4568,27038600.0
4569,28382216.0
4570,21682434.0
4571,2866425.0
4572,122249624.0
4573,39736336.0
4574,20176068.0
4575,11910822.0
4576,24432386.0
4577,3526332.0
4578,41667740.0
4579,2389096.2
4580,78427840.0
4581,4854242.5
4582,54605870.0
4583,169687840.0
4584,-3454491.5
4585,153305090.0
4586,-2596257.0
4587,18727754.0
4588,168334960.0
4589,7778591.0
4590,690282560.0
4591,27056426.0
4592,-2334587.5
4593,19191238.0
4594,76981390.0
4595,765671600.0
4596,423461300.0
4597,38066150.0
4598,172655340.0
4599,59832490.0
4600,7955927.0
4601,60985012.0
4602,106070060.0
4603,25727482.0
4604,43653724.0
4605,182050100.0
4606,103948960.0
4607,12380676.0
4608,25980680.0
4609,32232878.0
4610,265220110.0
4611,121988290.0
4612,37550440.0
4613,44614628.0
4614,58996612.0
4615,30286426.0
4616,-1292312.6
4617,110708264.0
4618,9907093.0
4619,51724804.0
4620,-14419902.0
4621,684921600.0
4622,70549144.0
4623,51653996.0
4624,15492014.0
4625,40608700.0
4626,53573896.0
4627,31901506.0
4628,-4887499.0
4629,-7339662.0
4630,7259344.0
4631,11743354.0
4632,13250055.0
4633,13675780.0
4634,1608916.5
4635,-4081125.0
4636,103492570.0
4637,3783051.0
4638,33778784.0
4639,-6400738.0
4640,56419164.0
4641,20078086.0
4642,1448492.9
4643,142127950.0
4644,12501268.0
4645,2566354.5
4646,879013600.0
4647,2128079.0
4648,-12950770.0
4649,78348660.0
4650,44752764.0
4651,102532216.0
4652,470939420.0
4653,-3917018.0
4654,56697900.0
4655,59639610.0
4656,5493091.0
4657,40519972.0
4658,15064182.0
4659,6488709.5
4660,19078654.0
4661,30816494.0
4662,58188136.0
4663,-17025962.0
4664,82207704.0
4665,137755380.0
4666,37821136.0
4667,277765250.0
4668,5733897.5
4669,75778420.0
4670,96593900.0
4671,-26093334.0
4672,17454444.0
4673,15277857.0
4674,-722257.6
4675,29373992.0
4676,15886825.0
4677,-13010570.0
4678,38429252.0
4679,1895276.6
4680,-26626224.0
4681,29996222.0
4682,10941542.0
4683,-2474112.0
4684,-1305778.5
4685,60723136.0
4686,5716266.5
4687,36401936.0
4688,62042216.0
4689,119526780.0
4690,25152994.0
4691,55662884.0
4692,-1014460.25
4693,13947243.0
4694,42996856.0
4695,42328068.0
4696,10974329.0
4697,125484680.0
4698,4049543.0
4699,51287000.0
4700,113414470.0
4701,163224180.0
4702,32237092.0
4703,52568280.0
4704,5999389.0
4705,118851864.0
4706,142830850.0
4707,2739784.5
4708,109132860.0
4709,-9773646.0
4710,253907020.0
4711,19659934.0
4712,-4055005.5
4713,351130850.0
4714,8343571.5
4715,-5688282.0
4716,-496426.75
4717,57067004.0
4718,34963244.0
4719,85300380.0
4720,11869745.0
4721,2329789.0
4722,97800270.0
4723,-225454.8
4724,161197650.0
4725,15902994.0
4726,682958.7
4727,17378466.0
4728,37086492.0
4729,83436420.0
4730,754684.75
4731,201385180.0
4732,641168260.0
4733,1359187.1
4734,252551330.0
4735,83599280.0
4736,9451802.0
4737,120323110.0
4738,-631037.75
4739,127379930.0
4740,477510700.0
4741,2801104.0
4742,161973540.0
4743,-3158793.5
4744,10673788.0
4745,458935500.0
4746,74472024.0
4747,59187870.0
4748,100287530.0
4749,18910492.0
4750,23512562.0
4751,50604160.0
4752,15231033.0
4753,29022136.0
4754,1139727600.0
4755,5873463.5
4756,36291570.0
4757,237642660.0
4758,178907600.0
4759,353167900.0
4760,5837513.0
4761,29837554.0
4762,1967145.1
4763,5656913.0
4764,405972350.0
4765,67508310.0
4766,224488780.0
4767,66635260.0
4768,92193640.0
4769,17221262.0
4770,51684370.0
4771,208241940.0
4772,9874819.0
4773,67080680.0
4774,6440723.5
4775,8921002.0
4776,11569793.0
4777,287396960.0
4778,60800628.0
4779,26820538.0
4780,651120640.0
4781,1231618.4
4782,23160502.0
4783,5482935.5
4784,17785882.0
4785,25647098.0
4786,117136720.0
4787,145459440.0
4788,214540560.0
4789,34248296.0
4790,105955880.0
4791,32345976.0
4792,-757288.75
4793,59703576.0
4794,14290889.0
4795,48103656.0
4796,22721726.0
4797,1180039200.0
4798,112439736.0
4799,34580480.0
4800,82994350.0
4801,11459656.0
4802,122963630.0
4803,2688176.8
4804,8381723.0
4805,8684413.0
4806,-4227798.0
4807,1523982.5
4808,4246871.5
4809,143340670.0
4810,-1842299.6
4811,2756197.5
4812,91871720.0
4813,33294502.0
4814,3981863.0
4815,61641236.0
4816,34879300.0
4817,12020718.0
4818,14833023.0
4819,8552564.0
4820,10178332.0
4821,-5785791.5
4822,-6621719.0
4823,21469612.0
4824,74141210.0
4825,99249576.0
4826,13088201.0
4827,85276230.0
4828,39373096.0
4829,84498800.0
4830,81932080.0
4831,46654670.0
4832,20180480.0
4833,35777056.0
4834,5979188.0
4835,27743162.0
4836,14709882.0
4837,167802780.0
4838,50324750.0
4839,-1400657.6
4840,460923620.0
4841,-5026973.5
4842,47864596.0
4843,128496370.0
4844,-3012014.0
4845,46876564.0
4846,7789542.5
4847,752216060.0
4848,38798504.0
4849,312822660.0
4850,-10756112.0
4851,-2576504.0
4852,62951360.0
4853,96911040.0
4854,14899126.0
4855,65652972.0
4856,23062592.0
4857,59880240.0
4858,28839918.0
4859,17419910.0
4860,406417630.0
4861,179759070.0
4862,172168850.0
4863,201544530.0
4864,70796820.0
4865,47790330.0
4866,16887514.0
4867,127347100.0
4868,5685163.0
4869,2006906.4
4870,103602320.0
4871,23572566.0
4872,-1451155.2
4873,9661619.0
4874,117856630.0
4875,30272508.0
4876,20697000.0
4877,17933818.0
4878,50691692.0
4879,65256996.0
4880,17574766.0
4881,12952474.0
4882,3641334.2
4883,100053630.0
4884,155171220.0
4885,56417612.0
4886,15750938.0
4887,1940110.5
4888,18737134.0
4889,5536621.0
4890,371891230.0
4891,24941886.0
4892,2385855.8
4893,132661850.0
4894,6964523.0
4895,26334416.0
4896,158420720.0
4897,-6315937.0
4898,116000344.0
4899,136133650.0
4900,159349810.0
4901,107586140.0
4902,35146776.0
4903,14408452.0
4904,210560640.0
4905,36470696.0
4906,1242168.1
4907,807454100.0
4908,35516150.0
4909,62496770.0
4910,39250744.0
4911,64191316.0
4912,28856472.0
4913,10998182.0
4914,104858690.0
4915,137138980.0
4916,33399686.0
4917,26365170.0
4918,235042190.0
4919,22882692.0
4920,27914358.0
4921,95229620.0
4922,92237370.0
4923,22274560.0
4924,127799620.0
4925,164167170.0
4926,-10300618.0
4927,41099310.0
4928,31922904.0
4929,69859016.0
4930,32228814.0
4931,62174296.0
4932,6956565.0
4933,138757390.0
4934,18267732.0
4935,574656960.0
4936,22840848.0
4937,2164051.2
4938,53565730.0
4939,4486000.0
4940,13303067.0
4941,64365396.0
4942,4041971.8
4943,59703556.0
4944,100422616.0
4945,16374506.0
4946,15399053.0
4947,-1696919.1
4948,12494818.0
4949,10130563.0
4950,42841680.0
4951,35849460.0
4952,41639064.0
4953,127064960.0
4954,97544810.0
4955,24569544.0
4956,2238254.0
4957,54688464.0
4958,33980908.0
4959,101469110.0
4960,5632149.5
4961,181790100.0
4962,2320780.8
4963,112155430.0
4964,14798640.0
4965,-1936104.8
4966,9588912.0
4967,117079300.0
4968,79709820.0
4969,-3266608.0
4970,91127.81
4971,192563800.0
4972,41451424.0
4973,352734.94
4974,119709200.0
4975,12530438.0
4976,10601041.0
4977,90156500.0
4978,-2473756.2
4979,17457264.0
4980,21675826.0
4981,5093977.0
4982,189834800.0
4983,-9100381.0
4984,102968880.0
4985,317849860.0
4986,-5806485.0
4987,12074445.0
4988,-1310336.1
4989,25547882.0
4990,6555069.5
4991,-279244.47
4992,182824020.0
4993,17050546.0
4994,108247896.0
4995,162881.81
4996,29985818.0
4997,203184880.0
4998,29991598.0
4999,114810770.0
5000,209386980.0
5001,293910660.0
5002,128423900.0
5003,76444310.0
5004,51723100.0
5005,69433320.0
5006,453016200.0
5007,46589308.0
5008,346369400.0
5009,50376372.0
5010,3061217.0
5011,9680738.0
5012,107586280.0
5013,-39732124.0
5014,53748412.0
5015,27705066.0
5016,127685960.0
5017,25593878.0
5018,93961530.0
5019,119373220.0
5020,62601216.0
5021,-1166153.1
5022,69885890.0
5023,27296788.0
5024,171012370.0
5025,7994994.5
5026,152634830.0
5027,50407310.0
5028,119489590.0
5029,107601860.0
5030,24825928.0
5031,8543208.0
5032,144982880.0
5033,53614936.0
5034,13293918.0
5035,5727218.0
5036,38413410.0
5037,25805236.0
5038,488962020.0
5039,18054138.0
5040,182023780.0
5041,118395384.0
5042,25521300.0
5043,49725572.0
5044,181258450.0
5045,-1121078.6
5046,9333953.0
5047,-2655689.5
5048,6085735.0
5049,86342344.0
5050,-740548.0
5051,403049340.0
5052,192221150.0
5053,19892180.0
5054,45420300.0
5055,47476304.0
5056,47042800.0
5057,26083942.0
5058,7454721.5
5059,18260158.0
5060,153593140.0
5061,46555948.0
5062,12266574.0
5063,-10203352.0
5064,57964016.0
5065,29770228.0
5066,46833640.0
5067,67813976.0
5068,42743116.0
5069,120433110.0
5070,79366240.0
5071,134918100.0
5072,157083040.0
5073,12943494.0
5074,15973480.0
5075,15313065.0
5076,66551480.0
5077,169981010.0
5078,-14808254.0
5079,24078522.0
5080,131460020.0
5081,78467100.0
5082,30967660.0
5083,39410480.0
5084,7725688.0
5085,2193238.0
5086,9541238.0
5087,1859375.9
5088,1529164.2
5089,43253784.0
5090,15037515.0
5091,38232624.0
5092,67038588.0
5093,49928868.0
5094,83952930.0
5095,137874020.0
5096,35094976.0
5097,16951316.0
5098,-4152719.0
5099,22557522.0
5100,-1781164.9
5101,6910432.5
5102,30512122.0
5103,-1697897.2
5104,19083476.0
5105,26773814.0
5106,6061778.0
5107,19924512.0
5108,36441336.0
5109,1449339.6
5110,-7343186.0
5111,154719150.0
5112,17855686.0
5113,2375428.5
5114,-20324994.0
5115,30620514.0
5116,6799380.0
5117,532729180.0
5118,31370782.0
5119,34117612.0
5120,-86786.47
5121,83939950.0
5122,37973140.0
5123,-12580593.0
5124,4990804.5
5125,50317308.0
5126,77435730.0
5127,74330170.0
5128,-1758072.2
5129,-686054.56
5130,20621150.0
5131,46742696.0
5132,51506880.0
5133,266144380.0
5134,152492900.0
5135,148059070.0
5136,42556820.0
5137,133115384.0
5138,25541736.0
5139,92845630.0
5140,272743400.0
5141,34490972.0
5142,106199464.0
5143,57327070.0
5144,74956530.0
5145,3457925.0
5146,206641.84
5147,-5151212.5
5148,41836924.0
5149,-205435.25
5150,304816930.0
5151,350398200.0
5152,125967970.0
5153,27527308.0
5154,48972104.0
5155,420180.1
5156,485609380.0
5157,49199468.0
5158,-8502567.0
5159,77854800.0
5160,45829908.0
5161,13916965.0
5162,132729080.0
5163,109862160.0
5164,-463212.0
5165,-13047310.0
5166,165471060.0
5167,7746172.5
5168,70439770.0
5169,-16243247.0
5170,-13450078.0
5171,67488310.0
5172,18242884.0
5173,122541900.0
5174,135042400.0
5175,13019768.0
5176,40805796.0
5177,190083700.0
5178,284959360.0
5179,3894495.5
5180,44761340.0
5181,10310445.0
5182,143048830.0
5183,-2465198.0
5184,53786260.0
5185,-5760744.5
5186,-8288451.5
5187,8744296.0
5188,8009598.5
5189,118097460.0
5190,442928300.0
5191,-15720579.0
5192,144706130.0
5193,15470908.0
5194,80177064.0
5195,99149430.0
5196,48424148.0
5197,116877410.0
5198,51697772.0
5199,6152143.5
5200,56378260.0
5201,81381220.0
5202,9174341.0
5203,504593.9
5204,5809438.5
5205,1902028.2
5206,51616216.0
5207,27165310.0
5208,41334080.0
5209,20465672.0
5210,77920264.0
5211,38735428.0
5212,46437044.0
5213,80977160.0
5214,9754078.0
5215,32207516.0
5216,127946320.0
5217,5782839.0
5218,4966658.0
5219,-11833509.0
5220,163221920.0
5221,-5213112.5
5222,18259298.0
5223,237796800.0
5224,3757605.5
5225,-1511625.5
5226,44118970.0
5227,-6863790.0
5228,24257798.0
5229,129834536.0
5230,2960178.0
5231,-13229233.0
5232,18306056.0
5233,32419500.0
5234,79307580.0
5235,80308280.0
5236,194844740.0
5237,304086700.0
5238,11146004.0
5239,47717904.0
5240,161379650.0
5241,49795130.0
5242,13838786.0
5243,-8846341.0
5244,120772620.0
5245,18007332.0
5246,19827380.0
5247,61185724.0
5248,27057524.0
5249,50947012.0
5250,343306300.0
5251,36324604.0
5252,-1879077.1
5253,6903981.0
5254,-66644.56
5255,105391704.0
5256,66729344.0
5257,-7845994.0
5258,30360352.0
5259,43930540.0
5260,21033186.0
5261,85072910.0
5262,8960976.0
5263,53725280.0
5264,-5599698.0
5265,20434100.0
5266,29177704.0
5267,-1622864.6
5268,10459242.0
5269,168685380.0
5270,78436790.0
5271,17058844.0
5272,131154580.0
5273,1352458.6
5274,73961144.0
5275,5080377.5
5276,11538054.0
5277,11207028.0
5278,-5955734.0
5279,42357856.0
5280,3614927.0
5281,31956156.0
5282,10771295.0
5283,13260600.0
5284,9821234.0
5285,75310080.0
5286,12726533.0
5287,6028647.0
5288,7114629.0
5289,215472580.0
5290,93736530.0
5291,705833600.0
5292,180893920.0
5293,151325620.0
5294,230783.95
5295,695592600.0
5296,-2860397.2
5297,102534616.0
5298,116432584.0
5299,25202374.0
5300,7961702.0
5301,27513632.0
5302,418980.0
5303,27218912.0
5304,46555876.0
5305,8053303.5
5306,108055450.0
5307,214324620.0
5308,-9032974.0
5309,4123640.5
5310,106123180.0
5311,3742260.5
5312,216076210.0
5313,590995600.0
5314,212323070.0
5315,14592242.0
5316,27160264.0
5317,18330980.0
5318,-2805698.5
5319,126209290.0
5320,56799148.0
5321,8880713.0
5322,4185582.0
5323,124370664.0
5324,35692330.0
5325,12989614.0
5326,77719176.0
5327,98628280.0
5328,23427802.0
5329,-356425.0
5330,174641920.0
5331,-3008454.0
5332,6824125.0
5333,62475180.0
5334,31539226.0
5335,13887333.0
5336,38505790.0
5337,33965770.0
5338,93097016.0
5339,15760443.0
5340,1639402.9
5341,174683790.0
5342,190355490.0
5343,71943160.0
5344,225630050.0
5345,-5140598.5
5346,170969330.0
5347,31617406.0
5348,44386400.0
5349,-13630311.0
5350,12464599.0
5351,163192480.0
5352,16429762.0
5353,47791692.0
5354,86833230.0
5355,36426670.0
5356,2560919.5
5357,6719330.0
5358,192384940.0
5359,58455428.0
5360,99048160.0
5361,16921774.0
5362,-3587696.0
5363,50215228.0
5364,-5653549.0
5365,161006660.0
5366,48955764.0
5367,144523900.0
5368,12156791.0
5369,746886800.0
5370,28749614.0
5371,89636070.0
5372,725173600.0
5373,14465166.0
5374,193907860.0
5375,67664184.0
5376,97769180.0
5377,29608844.0
5378,-5834071.0
5379,45737660.0
5380,63036150.0
5381,135529650.0
5382,65072664.0
5383,4164442.5
5384,119145090.0
5385,110641580.0
5386,-9869736.0
5387,27940954.0
5388,249867860.0
5389,15478067.0
5390,-3759289.2
5391,29069346.0
5392,18302218.0
5393,34828028.0
5394,84792600.0
5395,13651376.0
5396,232811920.0
5397,-10699.969
5398,20260534.0
5399,-3165648.5
5400,12946115.0
5401,-6256192.0
5402,37786576.0
5403,53518788.0
5404,1823480.4
5405,176308140.0
5406,17521968.0
5407,221818860.0
5408,648899900.0
5409,174074190.0
5410,9072546.0
5411,14941501.0
5412,-7180838.5
5413,17164532.0
5414,59668708.0
5415,78768500.0
5416,47224344.0
5417,147439790.0
5418,-2537319.5
5419,1823480.4
5420,34833590.0
5421,100126510.0
5422,97703340.0
5423,221839090.0
5424,174792540.0
5425,20833662.0
5426,1975288.6
5427,8879636.0
5428,-4360151.0
5429,57020790.0
5430,80296970.0
5431,17863716.0
5432,109494650.0
5433,33181598.0
5434,97606980.0
5435,36117868.0
5436,55289068.0
5437,74841016.0
5438,12162946.0
5439,17533290.0
5440,74255470.0
5441,34751150.0
5442,167414930.0
5443,96819680.0
5444,78959650.0
5445,69457080.0
5446,113546770.0
5447,30635392.0
5448,20492258.0
5449,92701176.0
5450,6233502.5
5451,33063392.0
5452,547157.4
5453,234323950.0
5454,156686820.0
5455,20727084.0
5456,4374089.0
5457,55352336.0
5458,26916664.0
5459,41267990.0
5460,-6140833.0
5461,-2576504.0
5462,-6266667.5
5463,806999700.0
5464,10258402.0
5465,19655800.0
5466,218389580.0
5467,26991786.0
5468,52995520.0
5469,-57115.094
5470,254492350.0
5471,114174440.0
5472,188518030.0
5473,32096992.0
5474,73419530.0
5475,20462258.0
5476,25048826.0
5477,22473150.0
5478,130864840.0
5479,110119060.0
5480,11241325.0
5481,32391268.0
5482,40348996.0
5483,25742842.0
5484,169791500.0
5485,17359406.0
5486,20542444.0
5487,638824700.0
5488,55400064.0
5489,14691503.0
5490,3826384.5
5491,160353760.0
5492,61904290.0
5493,27161142.0
5494,-692447.75
5495,66319620.0
5496,72973380.0
5497,41064250.0
5498,-4240361.5
5499,207364110.0
5500,35002430.0
5501,15278527.0
5502,5034713.0
5503,4156602.0
5504,84942560.0
5505,6953371.0
5506,464790850.0
5507,19386198.0
5508,119497430.0
5509,193993310.0
5510,58390890.0
5511,22938058.0
5512,105073960.0
5513,-2414692.5
5514,20940574.0
5515,12823422.0
5516,16803876.0
5517,273512480.0
5518,6413855.5
5519,125770270.0
5520,12605593.0
5521,42741108.0
5522,-7789307.0
5523,458390800.0
5524,279206980.0
5525,33202884.0
5526,34979330.0
5527,19036086.0
5528,97219656.0
5529,4132509.0
5530,387911650.0
5531,1327614.0
5532,5105259.0
5533,98119970.0
5534,537040600.0
5535,8761490.0
5536,19942428.0
5537,42009904.0
5538,7958497.5
5539,298453200.0
5540,65548144.0
5541,322469540.0
5542,18090032.0
5543,37705756.0
5544,76265180.0
5545,536999.1
5546,28825432.0
5547,-7597579.0
5548,99929400.0
5549,51717188.0
5550,112278710.0
5551,12988783.0
5552,80225130.0
5553,51346970.0
5554,11659292.0
5555,59077396.0
5556,2132642.8
5557,-5099252.0
5558,548223740.0
5559,5064973.5
5560,8487299.0
5561,26086598.0
5562,51728796.0
5563,1780925.4
5564,-501445.47
5565,8111728.5
5566,3988056.5
5567,17007184.0
5568,19976150.0
5569,75463110.0
5570,5550531.0
5571,220130460.0
5572,16038992.0
5573,174127100.0
5574,27596830.0
5575,188120240.0
5576,90732790.0
5577,32711694.0
5578,16098261.0
5579,17855222.0
5580,5538832.5
5581,66787290.0
5582,45090110.0
5583,108962610.0
5584,43819070.0
5585,2351633.5
5586,-3134308.0
5587,3567889.0
5588,152489090.0
5589,75004370.0
5590,1823480.4
5591,43178204.0
5592,8929000.0
5593,30391278.0
5594,7152176.5
5595,33492932.0
5596,203911650.0
5597,-11953251.0
5598,22292788.0
5599,12282718.0
5600,4453419.5
5601,71621160.0
5602,129797624.0
5603,-9688754.0
5604,13579580.0
5605,273270720.0
5606,100432900.0
5607,259999950.0
5608,125128170.0
5609,14960139.0
5610,20945472.0
5611,80620080.0
5612,563306400.0
5613,52428384.0
5614,27972534.0
5615,78303460.0
5616,11862667.0
5617,239496600.0
5618,56183876.0
5619,102717120.0
5620,-16351657.0
5621,146390880.0
5622,3022865.8
5623,46627510.0
5624,391302460.0
5625,16212082.0
5626,16554400.0
5627,93894950.0
5628,38757670.0
5629,285875800.0
5630,38345984.0
5631,55209012.0
5632,25788026.0
5633,61767144.0
5634,27994666.0
5635,141255310.0
5636,3543566.0
5637,2737506.0
5638,127753530.0
5639,33978376.0
5640,-795999.75
5641,51055236.0
5642,9551602.0
5643,-522862.6
5644,718541600.0
5645,168068420.0
5646,-7616588.5
5647,2851092.0
5648,110706360.0
5649,-4606211.5
5650,53626916.0
5651,64864984.0
5652,7396980.0
5653,66711240.0
5654,93790000.0
5655,85377976.0
5656,752158700.0
5657,7237947.0
5658,28192418.0
5659,40395720.0
5660,102216920.0
5661,8793772.0
5662,155715150.0
5663,23670916.0
5664,23489932.0
5665,63649300.0
5666,30254088.0
5667,16709450.0
5668,14359442.0
5669,17495248.0
5670,713803100.0
5671,40316710.0
5672,24600704.0
5673,197203060.0
5674,49144716.0
5675,4674464.0
5676,1303029.6
5677,51720684.0
5678,116963950.0
5679,7132797.5
5680,42445630.0
5681,824756860.0
5682,30142584.0
5683,393734370.0
5684,97552456.0
5685,42940364.0
5686,3440900.0
5687,67769230.0
5688,29858904.0
5689,48366576.0
5690,-8557265.0
5691,60221148.0
5692,345146340.0
5693,15483936.0
5694,63354644.0
5695,14665410.0
5696,78132890.0
5697,-1215346.0
5698,19566338.0
5699,-2419423.5
5700,97573224.0
5701,10419005.0
5702,26225808.0
5703,42561840.0
5704,114920710.0
5705,6432238.0
5706,15425370.0
5707,35173012.0
5708,12593391.0
5709,50566250.0
5710,12781406.0
5711,2696340.5
5712,72981784.0
5713,2688878.5
5714,38020304.0
5715,15935462.0
5716,11991587.0
5717,17956966.0
5718,21156830.0
5719,74753600.0
5720,48193820.0
5721,136762620.0
5722,-3875214.5
5723,45287764.0
5724,4829425.0
5725,2827937.0
5726,75379210.0
5727,294903400.0
5728,42907384.0
5729,230804980.0
5730,20607834.0
5731,11205699.0
5732,9379947.0
5733,1930880.1
5734,14847608.0
5735,-5630201.0
5736,52449948.0
5737,20872378.0
5738,118911190.0
5739,1639266.8
5740,35134320.0
5741,149707120.0
5742,135015900.0
5743,37736156.0
5744,-2126186.0
5745,-371325.1
5746,22044810.0
5747,-7963631.0
5748,133354590.0
5749,48761332.0
5750,59892230.0
5751,60850100.0
5752,-4393333.0
5753,393019870.0
5754,36034610.0
5755,120905590.0
5756,31215320.0
5757,37912060.0
5758,8399979.0
5759,-5359029.5
5760,13485918.0
5761,3585297.5
5762,252619460.0
5763,91449464.0
5764,43289004.0
5765,25931022.0
5766,88416360.0
5767,65500750.0
5768,47720970.0
5769,302891940.0
5770,26734642.0
5771,32791814.0
5772,18661392.0
5773,315188540.0
5774,109450210.0
5775,116885810.0
5776,13560055.0
5777,142401060.0
5778,205802740.0
5779,88074170.0
5780,149942.3
5781,104748750.0
5782,167783220.0
5783,136459790.0
5784,-2962872.0
5785,150176020.0
5786,6920112.5
5787,139216000.0
5788,-986745.6
5789,59028384.0
5790,96229800.0
5791,81939600.0
5792,-524849.4
5793,43130908.0
5794,120403640.0
5795,67555050.0
5796,44876470.0
5797,62130980.0
5798,19067492.0
5799,193857950.0
5800,1400481.5
5801,5675539.5
5802,7202129.0
5803,-5026296.0
5804,409924960.0
5805,1968961.8
5806,-13772660.0
5807,109213464.0
5808,44572870.0
5809,4112229.5
5810,-9773646.0
5811,6547928.5
5812,129143220.0
5813,134735250.0
5814,25295994.0
5815,23060600.0
5816,21207582.0
5817,15271049.0
5818,25513004.0
5819,39806108.0
5820,24916894.0
5821,-10385620.0
5822,6325239.0
5823,89346460.0
5824,73628230.0
5825,42875904.0
5826,24486150.0
5827,12008885.0
5828,469071260.0
5829,85911720.0
5830,85571040.0
5831,215886460.0
5832,36269350.0
5833,18246670.0
5834,38152936.0
5835,-4297042.0
5836,68564370.0
5837,90824824.0
5838,-7073931.5
5839,122644424.0
5840,2298998.0
5841,60181560.0
5842,18768296.0
5843,16372645.0
5844,22489012.0
5845,2077104.8
5846,21007320.0
5847,72095910.0
5848,43562720.0
5849,1478729.9
5850,61841390.0
5851,17650344.0
5852,7228672.5
5853,48707188.0
5854,8338517.0
5855,180219250.0
5856,33994160.0
5857,569066050.0
5858,3974972.0
5859,81569896.0
5860,145478800.0
5861,-12636587.0
5862,26737360.0
5863,74087480.0
5864,459958340.0
5865,35657844.0
5866,20292390.0
5867,-16364483.0
5868,44809350.0
5869,31571376.0
5870,-5929135.5
5871,102928180.0
5872,247555660.0
5873,856397.0
5874,9467903.0
5875,37748136.0
5876,36517864.0
5877,-1574922.6
5878,135418140.0
5879,25465610.0
5880,111809736.0
5881,90723850.0
5882,122930800.0
5883,5544947.5
5884,19281318.0
5885,8929012.0
5886,6768132.5
5887,17866098.0
5888,-5339288.0
5889,-1328666.2
5890,5238896.0
5891,28895778.0
5892,39079936.0
5893,-23724738.0
5894,101754440.0
5895,64055036.0
5896,151154660.0
5897,521517.0
5898,42574050.0
5899,17793124.0
5900,19000766.0
5901,-841946.7
5902,19229918.0
5903,12239093.0
5904,52673500.0
5905,87960824.0
5906,66330960.0
5907,-732815.94
5908,12063897.0
5909,66183830.0
5910,132071720.0
5911,16008461.0
5912,247641650.0
5913,68018670.0
5914,16196616.0
5915,-33441586.0
5916,73963350.0
5917,305696830.0
5918,128855710.0
5919,113244710.0
5920,-3075718.5
5921,28494844.0
5922,55772830.0
5923,61103236.0
5924,-2921491.0
5925,436397500.0
5926,-5460696.0
5927,17959134.0
5928,73885300.0
5929,-8382030.0
5930,134969970.0
5931,154928910.0
5932,479360.6
5933,49830850.0
5934,209459630.0
5935,196603500.0
5936,157856430.0
5937,49497116.0
5938,11150658.0
5939,27753648.0
5940,99800110.0
5941,22943396.0
5942,146671440.0
5943,-7376678.5
5944,117086930.0
5945,2349545.5
5946,40375676.0
5947,-10385620.0
5948,153519170.0
5949,-7258816.5
5950,274884480.0
5951,69829224.0
5952,-3479498.5
5953,185534670.0
5954,118297096.0
5955,99795970.0
5956,112023440.0
5957,8150385.5
5958,86424200.0
5959,23713298.0
5960,11501973.0
5961,27060288.0
5962,24452798.0
5963,66314184.0
5964,108682410.0
5965,99975180.0
5966,37199684.0
5967,700518660.0
5968,143664100.0
5969,74110160.0
5970,36045936.0
5971,-1965302.8
5972,21562524.0
5973,61632436.0
5974,3909524.0
5975,16591519.0
5976,12173773.0
5977,15816839.0
5978,910386400.0
5979,25382786.0
5980,234148260.0
5981,21677274.0
5982,247297870.0
5983,2755289.5
5984,47383716.0
5985,121808860.0
5986,40209890.0
5987,11195166.0
5988,86107670.0
5989,-895782.6
5990,97601960.0
5991,15178572.0
5992,53197670.0
5993,117601750.0
5994,-5039793.5
5995,42427730.0
5996,91350160.0
5997,60317388.0
5998,519934080.0
5999,-7478891.0
6000,40861788.0
6001,-29356282.0
6002,-121558.22
6003,809365600.0
6004,52196180.0
6005,1665722.5
6006,11949635.0
6007,1169459.0
6008,30190554.0
6009,98991500.0
6010,116856190.0
6011,61120452.0
6012,27125438.0
6013,260778800.0
6014,13586499.0
6015,63077828.0
6016,55848600.0
6017,6261694.5
6018,77948400.0
6019,2730326.0
6020,5973364.5
6021,51297650.0
6022,29458904.0
6023,116690460.0
6024,10964152.0
6025,53625660.0
6026,51002256.0
6027,34340184.0
6028,209021680.0
6029,13228489.0
6030,331496130.0
6031,55925144.0
6032,-1031786.5
6033,33977796.0
6034,-6500691.0
6035,989497860.0
6036,12931866.0
6037,2943654.5
6038,-1828609.4
6039,4125454.0
6040,36153810.0
6041,310211970.0
6042,-4997247.5
6043,135371460.0
6044,8928133.0
6045,16133084.0
6046,-3845887.5
6047,21292964.0
6048,19767938.0
6049,12939939.0
6050,-1332351.2
6051,-10744072.0
6052,61392304.0
6053,889763.6
6054,-3975184.8
6055,8376560.0
6056,22284360.0
6057,2214701.0
6058,12225134.0
6059,136664270.0
6060,61195280.0
6061,48569588.0
6062,12406207.0
6063,112899540.0
6064,-12322821.0
6065,212146380.0
6066,92343576.0
6067,40956280.0
6068,-377934.22
6069,287697280.0
6070,217647470.0
6071,3651619.5
6072,-12876810.0
6073,71670770.0
6074,-3193080.5
6075,-32969224.0
6076,87678630.0
6077,24768574.0
6078,66946030.0
6079,316175550.0
6080,9750196.0
6081,21799856.0
6082,18804724.0
6083,157360030.0
6084,20082772.0
6085,54731080.0
6086,15818976.0
6087,44086856.0
6088,13052738.0
6089,32320694.0
6090,369231100.0
6091,-4416577.0
6092,8355679.0
6093,52038140.0
6094,189241780.0
6095,152662670.0
6096,60860564.0
6097,50939988.0
6098,24813568.0
6099,100379430.0
6100,54704490.0
6101,182242670.0
6102,89097370.0
6103,163660020.0
6104,4077884.0
6105,15309520.0
6106,802438.5
6107,-6959595.0
6108,29405506.0
6109,1229746.5
6110,57171670.0
6111,-9993080.0
6112,2705153.5
6113,1294643.0
6114,45583428.0
6115,105088856.0
6116,569693.5
6117,14917359.0
6118,112525260.0
6119,164746240.0
6120,42486984.0
6121,14911458.0
6122,58303388.0
6123,83431.28
6124,790211.25
6125,17740624.0
6126,25192698.0
6127,19846622.0
6128,236566740.0
6129,4492558.0
6130,14383.5
6131,22806128.0
6132,-7888177.5
6133,22587336.0
6134,53084876.0
6135,80038264.0
6136,349658100.0
6137,103710280.0
6138,13551893.0
6139,1266192300.0
6140,-3772840.0
6141,60716496.0
6142,8379640.0
6143,25394676.0
6144,78031280.0
6145,-6752304.5
6146,28712558.0
6147,125468460.0
6148,13102374.0
6149,149374380.0
6150,500653860.0
6151,12250553.0
6152,844264700.0
6153,-20630586.0
6154,1381310.1
6155,70963176.0
6156,-405082.72
6157,33699404.0
6158,91342710.0
6159,7503263.5
6160,5857439.5
6161,16504411.0
6162,11705019.0
6163,3200105.0
6164,44098932.0
6165,70188460.0
6166,73358140.0
6167,26951760.0
6168,38883176.0
6169,46416796.0
6170,8552211.0
6171,11412014.0
6172,12157616.0
6173,22408474.0
6174,68389830.0
6175,53149996.0
6176,-12372287.0
6177,60173140.0
6178,7812179.5
6179,184044540.0
6180,92421530.0
6181,19608640.0
6182,654862850.0
6183,43103184.0
6184,653533400.0
6185,54461136.0
6186,78553140.0
6187,21456588.0
6188,51474030.0
6189,56269676.0
6190,105589840.0
6191,-17297572.0
6192,145402380.0
6193,-3382430.0
6194,-4795161.0
6195,4429106.0
6196,44326348.0
6197,-7383673.5
6198,138934530.0
6199,460346940.0
6200,26905432.0
6201,29210910.0
6202,27881342.0
6203,269294100.0
6204,21377690.0
6205,15222994.0
6206,36939348.0
6207,72972936.0
6208,161770300.0
6209,-1478379.9
6210,6163060.5
6211,15546461.0
6212,8580839.0
6213,58419816.0
6214,13522064.0
6215,62587240.0
6216,46503144.0
6217,-385799.12
6218,16701357.0
6219,41525700.0
6220,-3784123.0
6221,40269160.0
6222,16465543.0
6223,54229548.0
6224,32159952.0
6225,129904510.0
6226,5418437.5
6227,31949174.0
6228,7711674.0
6229,-3380114.0
6230,-1774484.2
6231,41181424.0
6232,2528052.0
6233,108020210.0
6234,66196720.0
6235,53287444.0
6236,66659508.0
6237,8254332.0
6238,15106315.0
6239,222756430.0
6240,144347520.0
6241,12625066.0
6242,-9442102.0
6243,17022570.0
6244,62168692.0
6245,26137792.0
6246,-6541358.5
6247,722020540.0
6248,8065148.0
6249,-832516.0
6250,44376050.0
6251,51504492.0
6252,22793668.0
6253,21792196.0
6254,226244670.0
6255,-6706474.5
6256,22417150.0
6257,55419124.0
6258,-2966529.0
6259,11838913.0
6260,443250.25
6261,84032260.0
6262,26621350.0
6263,133624110.0
6264,1755519.8
6265,-5120948.0
6266,20912064.0
6267,120099340.0
6268,-10741064.0
6269,101708216.0
6270,94928856.0
6271,405471330.0
6272,4079013.0
6273,30269240.0
6274,373057820.0
6275,34624380.0
6276,18551440.0
6277,26483632.0
6278,-9148013.0
6279,12134097.0
6280,8113276.5
6281,-2819955.0
6282,583978800.0
6283,16242305.0
6284,154176660.0
6285,76802660.0
6286,10214149.0
6287,-3019349.0
6288,237810690.0
6289,144524770.0
6290,1383033.6
6291,44610590.0
6292,158772140.0
6293,374363500.0
6294,19975052.0
6295,346831420.0
6296,-1541003.2
6297,35711100.0
6298,16607861.0
6299,2248041.0
6300,54589336.0
6301,64726164.0
6302,2430977.0
6303,7804705.5
6304,26424378.0
6305,179137920.0
6306,45955070.0
6307,-1518422.8
6308,15849346.0
6309,11114303.0
6310,30320564.0
6311,81070.3
6312,12349767.0
6313,35923076.0
6314,51884092.0
6315,79557384.0
6316,43875080.0
6317,223411460.0
6318,44059548.0
6319,39560828.0
6320,30202398.0
6321,187817400.0
6322,14304337.0
6323,26994594.0
6324,824450.0
6325,49936548.0
6326,-15473965.0
6327,28087132.0
6328,23836136.0
6329,-316216.12
6330,-12639323.0
6331,37325816.0
6332,-5206979.5
6333,9875461.0
6334,5249652.0
6335,114072030.0
6336,131701944.0
6337,96844040.0
6338,-3033254.0
6339,122004010.0
6340,6412487.5
6341,7767501.5
6342,12776541.0
6343,94098610.0
6344,74646800.0
6345,1861025.8
6346,123859040.0
6347,47461656.0
6348,42170812.0
6349,36334108.0
6350,3083235.0
6351,111967890.0
6352,141665390.0
6353,-11951299.0
6354,1094036.9
6355,-12655126.0
6356,42158130.0
6357,5140938.5
6358,11459913.0
6359,14130820.0
6360,21764442.0
6361,171793260.0
6362,80912200.0
6363,15381778.0
6364,33635056.0
6365,212060770.0
6366,14617804.0
6367,9356146.0
6368,18611574.0
6369,18393800.0
6370,124776264.0
6371,10773512.0
6372,34246250.0
6373,15278673.0
6374,24743522.0
6375,203055500.0
6376,5591649.0
6377,28955656.0
6378,-9119.8125
6379,417982750.0
6380,38316744.0
6381,443700700.0
6382,83577430.0
6383,44691976.0
6384,107743190.0
6385,-1901204.0
6386,248890200.0
6387,30986412.0
6388,-1454690.2
6389,-1848925.2
6390,57039770.0
6391,10468342.0
6392,-1811316.8
6393,187882620.0
6394,346807520.0
6395,21677346.0
6396,-7514376.5
6397,8041168.0
6398,35862940.0
6399,6739288.5
6400,15806401.0
6401,-2366675.5
6402,53456212.0
6403,21230338.0
6404,31831214.0
6405,53920132.0
6406,849774.0
6407,22642596.0
6408,33204754.0
6409,57820444.0
6410,29868240.0
6411,3102586.5
6412,16711805.0
6413,13215017.0
6414,671693630.0
6415,11255133.0
6416,34790810.0
6417,37679068.0
6418,65808916.0
6419,47036050.0
6420,-539333.5
6421,12936111.0
6422,1882550.4
6423,22738116.0
6424,222668030.0
6425,16016089.0
6426,29456762.0
6427,31209870.0
6428,379306.53
6429,39555456.0
6430,78826650.0
6431,109840210.0
6432,68426030.0
6433,64475868.0
6434,37357708.0
6435,162258800.0
6436,90324480.0
6437,31845834.0
6438,26126644.0
6439,9356440.0
6440,55867620.0
6441,17763480.0
6442,38704024.0
6443,50702430.0
6444,9587840.0
6445,375565950.0
6446,203134610.0
6447,20522370.0
6448,-6039321.0
6449,20537086.0
6450,1059919.8
6451,28929736.0
6452,98008300.0
6453,86233220.0
6454,44403856.0
6455,10571487.0
6456,25872542.0
6457,142919660.0
6458,-728385.44
6459,11064948.0
6460,123614570.0
6461,101436090.0
6462,185705440.0
6463,-4682566.5
6464,78420776.0
6465,23720376.0
6466,38320856.0
6467,17006056.0
6468,1563903.8
6469,19271236.0
6470,20442392.0
6471,-2756248.0
6472,19052698.0
6473,40000420.0
6474,568414.5
6475,12117660.0
6476,325277380.0
6477,6298666.0
6478,28416096.0
6479,477780320.0
6480,26853706.0
6481,52288856.0
6482,-7250634.5
6483,1060700.5
6484,290871040.0
6485,91403920.0
6486,-4679085.5
6487,115928936.0
6488,86233470.0
6489,5662493.5
6490,66378656.0
6491,56137590.0
6492,15581748.0
6493,101514620.0
6494,141493420.0
6495,-2030402.5
6496,308396200.0
6497,185885550.0
6498,84800040.0
6499,18152538.0
6500,20730258.0
6501,11362550.0
6502,298290620.0
6503,40817680.0
6504,30999842.0
6505,17023678.0
6506,14515097.0
6507,-1797370.1
6508,149891180.0
6509,18738018.0
6510,5251236.5
6511,-6554406.5
6512,1558542.8
6513,43925836.0
6514,-2215295.0
6515,440088450.0
6516,95487784.0
6517,107082770.0
6518,26351814.0
6519,54176236.0
6520,521517.0
6521,577575700.0
6522,57029760.0
6523,74603530.0
6524,30394404.0
6525,44465460.0
6526,480253060.0
6527,-3125743.0
6528,3025249.0
6529,46741950.0
6530,91257760.0
6531,2143264.8
6532,12346047.0
6533,8197428.5
6534,541227300.0
6535,3446154.2
6536,43453028.0
6537,80662820.0
6538,11705660.0
6539,247736080.0
6540,122341736.0
6541,123052350.0
6542,18274996.0
6543,-7158932.0
6544,92637960.0
6545,35525748.0
6546,369120830.0
6547,11165672.0
6548,702330.5
6549,116726710.0
6550,26750932.0
6551,40733988.0
6552,38041316.0
6553,-7130853.0
6554,38564370.0
6555,3742355.5
6556,75896660.0
6557,2533960.5
6558,163367710.0
6559,74919930.0
6560,341369730.0
6561,-1720246.9
6562,63051604.0
6563,-5788613.5
6564,4781299.5
6565,61796756.0
6566,39441784.0
6567,15227103.0
6568,39724920.0
6569,-1134139.2
6570,75127360.0
6571,2647046.5
6572,-1908474.6
6573,32630580.0
6574,40544050.0
6575,5256473.5
6576,36007156.0
6577,2351989.0
6578,70342560.0
6579,38750108.0
6580,6306773.5
6581,16058678.0
6582,-2960709.0
6583,-3238228.5
6584,10525732.0
6585,38549740.0
6586,31470216.0
6587,79918780.0
6588,1827213.2
6589,41934890.0
6590,163846400.0
6591,20723236.0
6592,353400450.0
6593,110010450.0
6594,131567960.0
6595,-2205850.0
6596,223929870.0
6597,12183741.0
6598,42896196.0
6599,-5427607.5
6600,7056382.0
6601,143670980.0
6602,390642370.0
6603,64330252.0
6604,12359678.0
6605,67668904.0
6606,18240586.0
6607,53098604.0
6608,4078458.5
6609,2744007.0
6610,9592361.0
6611,-13323500.0
6612,701489200.0
6613,113520780.0
6614,298762500.0
6615,-1110733.2
6616,112348380.0
6617,58342570.0
6618,23933844.0
6619,36475340.0
6620,-3155127.0
6621,88808590.0
6622,92672456.0
6623,252306820.0
6624,162850940.0
6625,172512640.0
6626,35313400.0
6627,97643560.0
6628,-6285319.0
6629,22242254.0
6630,29840390.0
6631,15700287.0
6632,4183643.0
6633,-1665436.5
6634,28572978.0
6635,967965.5
6636,195903090.0
6637,72233250.0
6638,393648.8
6639,13225067.0
6640,18327204.0
6641,455915700.0
6642,166250850.0
6643,-3529240.2
6644,25940566.0
6645,61450120.0
6646,8338216.0
6647,13818220.0
6648,88678830.0
6649,-683939.06
6650,31506328.0
6651,61515080.0
6652,9116572.0
6653,19864532.0
6654,185643470.0
6655,72990584.0
6656,16513272.0
6657,94437630.0
6658,9227375.0
6659,8411642.0
6660,1139526.1
6661,-2759892.5
6662,36435424.0
6663,382861000.0
6664,2815432.0
6665,889763.6
6666,38973400.0
6667,183593180.0
6668,51593290.0
6669,19241602.0
6670,-1803161.0
6671,84737230.0
6672,26052050.0
6673,94412440.0
6674,351428480.0
6675,174731600.0
6676,12451211.0
6677,11650781.0
6678,23691986.0
6679,541133000.0
6680,25120790.0
6681,712969100.0
6682,67018984.0
6683,222982500.0
6684,-2011132.5
6685,27012792.0
6686,61332320.0
6687,115197310.0
6688,12297286.0
6689,63164096.0
6690,339691420.0
6691,4580322.0
6692,819437200.0
6693,55521630.0
6694,53561590.0
6695,124507330.0
6696,171118830.0
6697,21157306.0
6698,10728291.0
6699,311178430.0
6700,151292860.0
6701,42715748.0
6702,27806636.0
6703,7527659.5
6704,11826514.0
6705,38335780.0
6706,53588828.0
6707,30537514.0
6708,49019030.0
6709,-5000956.0
6710,99765144.0
6711,25498588.0
6712,82713740.0
6713,-1774187.4
6714,-7514376.5
6715,12919716.0
6716,51727148.0
6717,388915650.0
6718,14285753.0
6719,19127286.0
6720,1366220.5
6721,67323860.0
6722,3910646.5
6723,132646584.0
6724,19911788.0
6725,63641.2
6726,73855510.0
6727,55813660.0
6728,27191960.0
6729,46651812.0
6730,68963864.0
6731,7991865.0
6732,-5831185.0
6733,314808860.0
6734,18324310.0
6735,257152530.0
6736,2715136.0
6737,-7070356.5
6738,3142990.5
6739,42851464.0
6740,-5193188.0
6741,6487474.5
6742,11531915.0
6743,131200160.0
6744,19998556.0
6745,25917394.0
6746,48332560.0
6747,346261.22
6748,-5113888.5
6749,15764903.0
6750,-11319061.0
6751,15531935.0
6752,149712370.0
6753,5587695.0
6754,89340800.0
6755,17323132.0
6756,141548590.0
6757,161435780.0
6758,5779593.0
6759,7239715.0
6760,14484568.0
6761,33292768.0
6762,3642423.5
6763,27285426.0
6764,6900839.0
6765,210284420.0
6766,889763.6
6767,28983078.0
6768,301446370.0
6769,-1948842.5
6770,42959424.0
6771,-4980364.0
6772,2229995.0
6773,10050430.0
6774,102039850.0
6775,392457760.0
6776,-3167328.5
6777,80872760.0
6778,33528136.0
6779,65334020.0
6780,46018896.0
6781,2299423.0
6782,103994760.0
6783,68337760.0
6784,-3194061.5
6785,87719070.0
6786,8311008.0
6787,24809404.0
6788,5747624.0
6789,16323101.0
6790,12692476.0
6791,38358644.0
6792,526095200.0
6793,95704440.0
6794,13310120.0
6795,8847004.0
6796,770572100.0
6797,20181956.0
6798,53702868.0
6799,17066834.0
6800,206096030.0
6801,429403500.0
6802,263069.7
6803,135703970.0
6804,-1536794.9
6805,28516330.0
6806,-480674.44
6807,51990510.0
6808,18445800.0
6809,67039884.0
6810,30375342.0
6811,56918560.0
6812,29996886.0
6813,73988020.0
6814,12681310.0
6815,114929816.0
6816,24412564.0
6817,-3748941.0
6818,2314931.5
6819,82010960.0
6820,37271228.0
6821,5124336.0
6822,23626134.0
6823,24236740.0
6824,157289140.0
6825,12325395.0
6826,-3570406.5
6827,7021078.0
6828,4463155.5
6829,-1958936.0
6830,41107944.0
6831,72909680.0
6832,26143558.0
6833,41754556.0
6834,15460796.0
6835,160265150.0
6836,7184476.0
6837,117300870.0
6838,19751406.0
6839,8667992.0
6840,34364900.0
6841,12687604.0
6842,13066513.0
6843,32397892.0
6844,48561640.0
6845,136276510.0
6846,61314316.0
6847,2267450.5
6848,26065624.0
6849,13239557.0
6850,75545640.0
6851,355249000.0
6852,46142400.0
6853,-3403751.0
6854,6621477.0
6855,53431610.0
6856,10359060.0
6857,21472592.0
6858,-4193552.5
6859,79002710.0
6860,90284940.0
6861,25968908.0
6862,68571530.0
6863,250577250.0
6864,22024702.0
6865,10871251.0
6866,150663420.0
6867,19809590.0
6868,969834800.0
6869,44023576.0
6870,-1662765.4
6871,74388480.0
6872,5383760.0
6873,61375332.0
6874,40341868.0
6875,9558963.0
6876,42958990.0
6877,11896394.0
6878,8480554.0
6879,56963936.0
6880,1132104.5
6881,-750242.1
6882,47133216.0
6883,24120966.0
6884,36778224.0
6885,5855533.5
6886,-18013976.0
6887,136000850.0
6888,22574868.0
6889,9806422.0
6890,34642796.0
6891,114254800.0
6892,181395890.0
6893,203781940.0
6894,23684344.0
6895,6005164.0
6896,4649231.5
6897,1093947.6
6898,34075664.0
6899,448252.75
6900,78993690.0
6901,63700810.0
6902,7790237.5
6903,9049543.0
6904,139119820.0
6905,58368612.0
6906,231882960.0
6907,84188290.0
6908,51548280.0
6909,6933359.5
6910,5992327.5
6911,22461294.0
6912,29791972.0
6913,544614800.0
6914,309341280.0
6915,17838684.0
6916,52297050.0
6917,784826100.0
6918,183318720.0
6919,12186334.0
6920,123444056.0
6921,254596900.0
6922,63352690.0
6923,2840447.0
6924,644008.2
6925,39193612.0
6926,-514967.47
6927,-7345286.0
6928,75095660.0
6929,66830892.0
6930,147700880.0
6931,49178396.0
6932,-2770643.0
6933,8016370.5
6934,45593010.0
6935,52374256.0
6936,16543970.0
6937,188158980.0
6938,-1729513.5
6939,62560724.0
6940,112812400.0
6941,104934920.0
6942,41972964.0
6943,3696582.0
6944,231615330.0
6945,25866294.0
6946,115036690.0
6947,21084334.0
6948,24289614.0
6949,90309976.0
6950,350735330.0
6951,-8914359.0
6952,19935336.0
6953,39595484.0
6954,73547090.0
6955,130068776.0
6956,16566667.0
6957,8373085.5
6958,203251.28
6959,11265528.0
6960,52646828.0
6961,47944644.0
6962,189178930.0
6963,62130980.0
6964,24746932.0
6965,-8314336.5
6966,182455500.0
6967,181816740.0
6968,7127965.5
6969,3556212.5
6970,5169002.5
6971,134103384.0
6972,-7364958.5
6973,98322480.0
6974,15681522.0
6975,75246460.0
6976,33330124.0
6977,-5113713.0
6978,63055464.0
6979,69329740.0
6980,47899144.0
6981,17792910.0
6982,18707928.0
6983,16639166.0
6984,89204320.0
6985,383890080.0
6986,26239992.0
6987,13909188.0
6988,24146594.0
6989,112034.5
6990,426546370.0
6991,2264280.5
6992,-6845397.0
6993,-7319465.5
6994,1128894.6
6995,32258340.0
6996,63293080.0
6997,-1031786.5
6998,6692102.5
6999,170264590.0
7000,-10644291.0
7001,13442036.0
7002,3150090.5
7003,37586536.0
7004,19953832.0
7005,-6468744.5
7006,-33643.906
7007,-3501243.2
7008,178891580.0
7009,9826813.0
7010,39821280.0
7011,1121681.6
7012,13335759.0
7013,19744494.0
7014,195729.19
7015,206467820.0
7016,454433860.0
7017,2429308.2
7018,6108148.0
7019,88623176.0
7020,32604670.0
7021,53903300.0
7022,30628172.0
7023,69113704.0
7024,27592524.0
7025,39637920.0
7026,221969090.0
7027,66478540.0
7028,-7618386.0
7029,71383890.0
7030,74370840.0
7031,83212990.0
7032,22746470.0
7033,-68575.59
7034,-3557387.0
7035,18164294.0
7036,28803556.0
7037,10386619.0
7038,13998994.0
7039,64028270.0
7040,42959904.0
7041,22428984.0
7042,136079410.0
7043,17619882.0
7044,22263334.0
7045,62627320.0
7046,138699310.0
7047,319715000.0
7048,6080787.0
7049,142610800.0
7050,-6989526.5
7051,10866881.0
7052,111544450.0
7053,17474372.0
7054,31485324.0
7055,212298620.0
7056,292538370.0
7057,22714680.0
7058,4332509.0
7059,35739736.0
7060,13080249.0
7061,24666130.0
7062,94154950.0
7063,-422410.7
7064,214722220.0
7065,36554840.0
7066,3179472.5
7067,-7374154.0
7068,63772652.0
7069,27999222.0
7070,112014480.0
7071,131058230.0
7072,2329699.0
7073,37593132.0
7074,22944196.0
7075,51022708.0
7076,59335224.0
7077,62322596.0
7078,13552495.0
7079,16515650.0
7080,-5595999.0
7081,36767940.0
7082,6771867.5
7083,-933538.1
7084,28573884.0
7085,14777148.0
7086,-6959392.5
7087,209573800.0
7088,104982100.0
7089,12006466.0
7090,54583664.0
7091,14708625.0
7092,504730560.0
7093,54086388.0
7094,50398370.0
7095,17883198.0
7096,65075464.0
7097,129685224.0
7098,69027570.0
7099,84952690.0
7100,16963448.0
7101,124371040.0
7102,-1224326.4
7103,41306264.0
7104,8282470.5
7105,187229330.0
7106,26149806.0
7107,115031140.0
7108,12114306.0
7109,56532868.0
7110,2355232.5
7111,5192346.5
7112,207154930.0
7113,96956740.0
7114,27140848.0
7115,35476852.0
7116,1659720.6
7117,2801316.0
7118,17438560.0
7119,44067204.0
7120,14366482.0
7121,15335749.0
7122,739576.25
7123,775108.5
7124,513196540.0
7125,85514780.0
7126,412914530.0
7127,13304508.0
7128,30272874.0
7129,15666193.0
7130,108948860.0
7131,18517248.0
7132,20881878.0
7133,208678670.0
7134,117068776.0
7135,116053464.0
7136,29097450.0
7137,57835436.0
7138,27087036.0
7139,-7748722.5
7140,158183710.0
7141,6253646.0
7142,21957590.0
7143,80005816.0
7144,3498125.8
7145,84296140.0
7146,13682882.0
7147,125853170.0
7148,30575448.0
7149,11179754.0
7150,6593948.5
7151,16845926.0
7152,125909240.0
7153,-1938689.8
7154,23325984.0
7155,359132580.0
7156,15968144.0
7157,82128530.0
7158,1309456.0
7159,6017367.5
7160,21902842.0
7161,60534896.0
7162,296572100.0
7163,105538430.0
7164,-11375315.0
7165,195693490.0
7166,20149476.0
7167,748506.1
7168,19502252.0
7169,-8586342.0
7170,52780196.0
7171,13180747.0
7172,52723316.0
7173,7519903.5
7174,9020023.0
7175,3836283.0
7176,7117838.5
7177,177875600.0
7178,69610590.0
7179,116938150.0
7180,-7064731.5
7181,17781968.0
7182,116453180.0
7183,-3541786.0
7184,1046832500.0
7185,26224340.0
7186,104749040.0
7187,246981540.0
7188,102109270.0
7189,121717.5
7190,20581872.0
7191,-4851152.5
7192,103058216.0
7193,-2263937.5
7194,469446750.0
7195,40204660.0
7196,19576062.0
7197,4380987.0
7198,11139051.0
7199,70877600.0
7200,68935710.0
7201,454830.7
7202,26377000.0
7203,16232769.0
7204,86719710.0
7205,150039100.0
7206,141795260.0
7207,471349440.0
7208,-2678196.5
7209,8428827.0
7210,3278015.5
7211,9300567.0
7212,20943056.0
7213,11368775.0
7214,330620400.0
7215,321347840.0
7216,176902020.0
7217,8595227.0
7218,50197920.0
7219,94662370.0
7220,138461390.0
7221,50702548.0
7222,182260670.0
7223,3980786.0
7224,33937572.0
7225,-3731476.0
7226,68299830.0
7227,61116544.0
7228,55997636.0
7229,22549214.0
7230,12034211.0
7231,30067336.0
7232,240069950.0
7233,200115940.0
7234,262278860.0
7235,50070760.0
7236,83389256.0
7237,28366274.0
7238,13713201.0
7239,778855230.0
7240,128280536.0
7241,144233460.0
7242,33390674.0
7243,48456076.0
7244,59499404.0
7245,-2825346.0
7246,-7073734.5
7247,133504760.0
7248,63421080.0
7249,360332.6
7250,6969785.0
7251,59013970.0
7252,4667244.5
7253,44861484.0
7254,96327544.0
7255,8501963.0
7256,28232146.0
7257,19216412.0
7258,67534080.0
7259,14090960.0
7260,1679573.5
7261,727548900.0
7262,268086.1
7263,75014700.0
7264,13536174.0
7265,7795973.0
7266,68965310.0
7267,5904084.5
7268,16748530.0
7269,57118108.0
7270,126422936.0
7271,16747970.0
7272,-5769960.0
7273,-13570126.0
7274,23388240.0
7275,10597889.0
7276,-703032.75
7277,151209860.0
7278,203026060.0
7279,300726400.0
7280,287837600.0
7281,24814532.0
7282,54593324.0
7283,264578720.0
7284,4743703.5
7285,95145470.0
7286,244355330.0
7287,6226061.0
7288,8509441.0
7289,89342130.0
7290,54219240.0
7291,43746390.0
7292,362882.5
7293,20374270.0
7294,8586134.0
7295,78005760.0
7296,52103828.0
7297,72425016.0
7298,2236110.8
7299,-15610866.0
7300,38037196.0
7301,71413470.0
7302,28897770.0
7303,2748165.5
7304,29356992.0
7305,1006377.75
7306,599918500.0
7307,11993666.0
7308,5853725.5
7309,35509252.0
7310,19838824.0
7311,9015522.0
7312,218744980.0
7313,319507400.0
7314,37792940.0
7315,3145.125
7316,7359981.5
7317,66969556.0
7318,329785500.0
7319,28994190.0
7320,313637700.0
7321,-6524102.0
7322,-11967843.0
7323,52937870.0
7324,5214921.5
7325,300794700.0
7326,314969820.0
7327,32141250.0
7328,54937556.0
7329,170014130.0
7330,298621300.0
7331,131966056.0
7332,25234740.0
7333,127473510.0
7334,-58302.0
7335,37555880.0
7336,53053076.0
7337,111616150.0
7338,73799970.0
7339,88091210.0
7340,5493899.0
7341,2773292.5
7342,106835230.0
7343,12506548.0
7344,7672529.0
7345,-1924274.6
7346,28685836.0
7347,4798023.0
7348,-844745.1
7349,32875000.0
7350,30270586.0
7351,77244280.0
7352,-7436543.0
7353,13836366.0
7354,-351712.62
7355,80383300.0
7356,67975464.0
7357,6917959.5
7358,22564002.0
7359,53430056.0
7360,46571324.0
7361,24542390.0
7362,166921630.0
7363,404058800.0
7364,5576667.5
7365,90283680.0
7366,15526507.0
7367,-2042989.4
7368,-3407724.0
7369,82426340.0
7370,71932970.0
7371,8072818.5
7372,87211490.0
7373,491313200.0
7374,37242228.0
7375,162912460.0
7376,5727747.5
7377,35905176.0
7378,83958970.0
7379,166404660.0
7380,15349235.0
7381,29130448.0
7382,8830814.0
7383,-420538.25
7384,97996720.0
7385,53118292.0
7386,23304408.0
7387,33659770.0
7388,51862308.0
7389,-10951148.0
7390,986644.75
7391,11551551.0
7392,14473772.0
7393,563108700.0
7394,44276370.0
7395,59632864.0
7396,69798220.0
7397,265538110.0
7398,43018210.0
